_id,M5_C,FechaNacimiento,fecha
68466a3f13692d90350caebd,6518,08/06/2025 22:59,2025-06-08T22:59:43.022Z
684669f513692d90350caeb5,6517,08/06/2025 22:58,2025-06-08T22:58:29.838Z
684669b913692d90350caeaf,6516,08/06/2025 22:57,2025-06-08T22:57:29.835Z
6846698013692d90350caea9,6515,08/06/2025 22:56,2025-06-08T22:56:32.594Z
6846693513692d90350caea2,6514,08/06/2025 22:55,2025-06-08T22:55:17.618Z
684668fa13692d90350cae9a,6513,08/06/2025 22:54,2025-06-08T22:54:18.344Z
684668de13692d90350cae98,6512,08/06/2025 22:53,2025-06-08T22:53:50.522Z
6846687c13692d90350cae8c,6511,08/06/2025 22:52,2025-06-08T22:52:12.164Z
6846684413692d90350cae88,6510,08/06/2025 22:51,2025-06-08T22:51:16.187Z
684667fb13692d90350cae82,6509,08/06/2025 22:50,2025-06-08T22:50:03.261Z
684667c513692d90350cae7a,6508,08/06/2025 22:49,2025-06-08T22:49:09.869Z
684666df13692d90350cae6a,6507,08/06/2025 22:45,2025-06-08T22:45:19.304Z
6846663313692d90350cae5c,6506,08/06/2025 22:42,2025-06-08T22:42:27.949Z
684665e513692d90350cae54,6505,08/06/2025 22:41,2025-06-08T22:41:09.303Z
684665ce13692d90350cae52,6504,08/06/2025 22:40,2025-06-08T22:40:46.899Z
6846657e13692d90350cae46,6503,08/06/2025 22:39,2025-06-08T22:39:26.140Z
6846653b13692d90350cae3c,6502,08/06/2025 22:38,2025-06-08T22:38:19.952Z
684664f113692d90350cae34,6501,08/06/2025 22:37,2025-06-08T22:37:05.112Z
684664b313692d90350cae2e,6500,08/06/2025 22:36,2025-06-08T22:36:03.950Z
6846647d13692d90350cae2a,6499,08/06/2025 22:35,2025-06-08T22:35:09.574Z
6846642113692d90350cae22,6498,08/06/2025 22:33,2025-06-08T22:33:37.338Z
684663fc13692d90350cae20,6497,08/06/2025 22:32,2025-06-08T22:33:00.221Z
684663b113692d90350cae18,6496,08/06/2025 22:31,2025-06-08T22:31:45.547Z
6846639013692d90350cae14,6495,08/06/2025 22:31,2025-06-08T22:31:12.851Z
6846635713692d90350cae10,6494,08/06/2025 22:30,2025-06-08T22:30:15.115Z
684662f313692d90350cae0a,6493,08/06/2025 22:28,2025-06-08T22:28:35.359Z
684662ab13692d90350cae06,6492,08/06/2025 22:27,2025-06-08T22:27:23.587Z
6846627513692d90350cae00,6491,08/06/2025 22:26,2025-06-08T22:26:29.362Z
6846623d13692d90350cadfc,6490,08/06/2025 22:25,2025-06-08T22:25:33.784Z
684661f413692d90350cadf8,6489,08/06/2025 22:24,2025-06-08T22:24:20.964Z
684661bd13692d90350cadf2,6488,08/06/2025 22:23,2025-06-08T22:23:25.025Z
6846617d13692d90350cadeb,6487,08/06/2025 22:22,2025-06-08T22:22:21.750Z
6846612d13692d90350cade1,6486,08/06/2025 22:21,2025-06-08T22:21:01.804Z
684660e513692d90350cadda,6485,08/06/2025 22:19,2025-06-08T22:19:49.309Z
684660d913692d90350cadd8,6484,08/06/2025 22:19,2025-06-08T22:19:37.983Z
68465ce013692d90350cad85,6483,08/06/2025 22:02,2025-06-08T22:02:40.835Z
68465cab13692d90350cad81,6482,08/06/2025 22:01,2025-06-08T22:01:47.512Z
68465c9113692d90350cad7d,6481,08/06/2025 22:01,2025-06-08T22:01:21.759Z
68465c2513692d90350cad75,6480,08/06/2025 21:59,2025-06-08T21:59:33.150Z
68465c0213692d90350cad6f,6479,08/06/2025 21:58,2025-06-08T21:58:58.159Z
68465bb113692d90350cad69,6478,08/06/2025 21:57,2025-06-08T21:57:37.443Z
68465b6413692d90350cad63,6477,08/06/2025 21:56,2025-06-08T21:56:20.165Z
68465b2513692d90350cad5f,6476,08/06/2025 21:55,2025-06-08T21:55:17.479Z
68465b0213692d90350cad59,6475,08/06/2025 21:54,2025-06-08T21:54:42.343Z
68465aa513692d90350cad53,6474,08/06/2025 21:53,2025-06-08T21:53:09.023Z
68465a7013692d90350cad4d,6473,08/06/2025 21:52,2025-06-08T21:52:16.685Z
68465a4613692d90350cad4a,6472,08/06/2025 21:51,2025-06-08T21:51:34.183Z
684659e813692d90350cad41,6471,08/06/2025 21:50,2025-06-08T21:50:00.510Z
684659a913692d90350cad3a,6470,08/06/2025 21:48,2025-06-08T21:48:57.764Z
6846597713692d90350cad37,6469,08/06/2025 21:48,2025-06-08T21:48:07.860Z
6846593013692d90350cad30,6468,08/06/2025 21:46,2025-06-08T21:46:56.434Z
684658ed13692d90350cad2c,6467,08/06/2025 21:45,2025-06-08T21:45:49.290Z
684658b313692d90350cad27,6466,08/06/2025 21:44,2025-06-08T21:44:51.077Z
6846588513692d90350cad25,6465,08/06/2025 21:44,2025-06-08T21:44:05.959Z
6846584c13692d90350cad22,6464,08/06/2025 21:43,2025-06-08T21:43:08.721Z
684657ee13692d90350cad1c,6463,08/06/2025 21:41,2025-06-08T21:41:34.197Z
684657b013692d90350cad18,6462,08/06/2025 21:40,2025-06-08T21:40:32.767Z
6846577713692d90350cad14,6461,08/06/2025 21:39,2025-06-08T21:39:35.394Z
6846574f13692d90350cad10,6460,08/06/2025 21:38,2025-06-08T21:38:55.320Z
6846572113692d90350cad0c,6459,08/06/2025 21:38,2025-06-08T21:38:09.254Z
684656be13692d90350cad08,6458,08/06/2025 21:36,2025-06-08T21:36:30.869Z
684656a213692d90350cad02,6457,08/06/2025 21:36,2025-06-08T21:36:02.927Z
6846564913692d90350cacfd,6456,08/06/2025 21:34,2025-06-08T21:34:33.408Z
684655aa13692d90350cacf7,6455,08/06/2025 21:31,2025-06-08T21:31:54.320Z
6846556e13692d90350cacf1,6454,08/06/2025 21:30,2025-06-08T21:30:54.984Z
6846552c13692d90350cacea,6453,08/06/2025 21:29,2025-06-08T21:29:48.889Z
684654eb13692d90350cace6,6452,08/06/2025 21:28,2025-06-08T21:28:43.786Z
684654aa13692d90350cace4,6451,08/06/2025 21:27,2025-06-08T21:27:38.866Z
6846547d13692d90350cace0,6450,08/06/2025 21:26,2025-06-08T21:26:53.758Z
6846543a13692d90350cacdc,6449,08/06/2025 21:25,2025-06-08T21:25:46.901Z
684653ec13692d90350cacd6,6448,08/06/2025 21:24,2025-06-08T21:24:28.525Z
684653b913692d90350cacd0,6447,08/06/2025 21:23,2025-06-08T21:23:37.122Z
6846536613692d90350cacca,6446,08/06/2025 21:22,2025-06-08T21:22:14.384Z
6846533713692d90350cacc6,6445,08/06/2025 21:21,2025-06-08T21:21:27.238Z
684652e613692d90350cacc4,6444,08/06/2025 21:20,2025-06-08T21:20:06.599Z
684652a713692d90350cacc2,6443,08/06/2025 21:19,2025-06-08T21:19:03.346Z
